to_address,Total,Time_period,Transaction_count
0xa299c04eb002e667bcb6c0d38a024eb5022a5e1a,62674127226419936579,2025-09-18 06:00:00.000000 UTC,42253
0xbc34887050d143f7d3a4ceac5fc1b7ca6645ed21,8695194040574654627,2025-08-11 06:00:00.000000 UTC,28518
0x2e0856fcfdaee8479b01d2b1965c1b57304b8148,539980422303694262,2025-10-06 08:00:00.000000 UTC,27447
0x36e66fbbce51e4cd5bd3c62b637eb411b18949d4,0,2025-09-23 10:00:00.000000 UTC,23499
0xda5e1988097297dcdc1f90d4dfe7909e847cbef6,53426321950892000,2025-09-01 12:00:00.000000 UTC,22763
0x26d85a13212433fe6a8381969c2b0db390a0b0ae,0,2025-07-30 04:00:00.000000 UTC,22476
0x26d85a13212433fe6a8381969c2b0db390a0b0ae,0,2025-07-30 03:00:00.000000 UTC,22457
0xda5e1988097297dcdc1f90d4dfe7909e847cbef6,0,2025-09-01 13:00:00.000000 UTC,21623
0x91aebab2a10117a5f89dc3e0d2e44944e92ee722,392431477932341931,2025-05-20 23:00:00.000000 UTC,21538
0x26d85a13212433fe6a8381969c2b0db390a0b0ae,0,2025-07-30 06:00:00.000000 UTC,21338